epoch,train_loss,val_loss
1,4.586183893670642,4.473105180831182
2,4.510137038586694,4.435097264335269
3,4.479327259100038,4.4077175449189685
4,4.45509325429455,4.410147264571417
5,4.4503110199333245,4.402036592392695
6,4.4397286553900965,4.383606448400588
7,4.434976828037295,4.383180093765259
8,4.433431206126306,4.376820603779384
9,4.4237447809807025,4.3607808812459306
10,4.417571442220575,4.378456479935419
11,4.416915633232128,4.3670545736948645
12,4.419020724781749,4.372131824947539
13,4.4057955888854625,4.361983833312988
14,4.400625633764988,4.365425175258092
15,4.399338699275222,4.349624669665382
16,4.398113797650966,4.349340290796189
17,4.403325303089161,4.354007416679746
18,4.398974043094699,4.36427798906962
19,4.3935255838067535,4.340113342375982
20,4.383769487094754,4.338382780438378
21,4.39737498077852,4.350491922469367
22,4.3890769373273955,4.355819483257475
23,4.380919957237557,4.343163941247123
24,4.389674945912105,4.347068907419841
25,4.384221519017154,4.348740657170613
26,4.387637258696723,4.345416193916684
27,4.380575044544115,4.347570043291364
28,4.376644982931856,4.335801311674572
29,4.386316784759171,4.342029199146089
30,4.3749950069423855,4.343915068308513
31,4.379928484653044,4.3459505934942335
32,4.388680729712246,4.338340870539347
33,4.381418078169572,4.353130050840832
34,4.371619253318594,4.337257053738549
35,4.37729075334334,4.338012855166481
36,4.372531704174597,4.334188924971081
37,4.362691311357874,4.334598285130092
38,4.376831118980788,4.340807082766578
39,4.369622575886318,4.329767497834705
40,4.368382984295525,4.333055745079404
41,4.375474521266297,4.329035991032918
42,4.370624717241183,4.336585576193674
43,4.358326300827929,4.32952675138201
44,4.367410867480626,4.331019038699922
45,4.3662659930967225,4.328403394335792
46,4.365649610392525,4.329649803070795
47,4.370491791293548,4.324218509310768
48,4.361870573118274,4.331260940915063
49,4.36208728851342,4.327702408745175
50,4.365754652630498,4.331885979970296
51,4.361558157390716,4.320797873905727
52,4.3625937828375845,4.323063601993379
53,4.353690071757402,4.321465048562913
54,4.352541426824669,4.320341399510702
55,4.349849099391105,4.316114608219691
56,4.355905169662118,4.321118030548096
57,4.353375322404793,4.31549086025783
58,4.356486971259444,4.326330720356532
59,4.357254996323009,4.318844723020281
60,4.35428861784081,4.321863093603225
61,4.348366016321887,4.318895285470145
62,4.352987685232493,4.3312416140238446
63,4.350490358206938,4.312778922489711
64,4.354297754013523,4.323637351989746
65,4.348906274836616,4.322677845273699
66,4.354508421101287,4.324004758199056
67,4.352382765431411,4.312868424370175
68,4.349616156097651,4.318076645533244
69,4.345035896973143,4.3160251681009925
70,4.352316639387337,4.312330383119129
71,4.343345892510215,4.31717939286005
72,4.339270187505268,4.3161162231082
73,4.344502125270989,4.317414763768514
74,4.339973301259334,4.308936265763783
75,4.3435018578980715,4.324929613385882
76,4.333440042401756,4.316037787028721
77,4.343952147773117,4.319806334631783
78,4.341671059390668,4.319922726494926
79,4.343016677139402,4.319149148577735
80,4.345319651967214,4.307973844891503
81,4.337658420767257,4.310889588310605
82,4.334497806359995,4.319532456625075
83,4.342212839834778,4.319406025296166
84,4.340843829089484,4.319881525493804
85,4.34359406463081,4.310414521353585
86,4.339708840493771,4.314206206003825
87,4.334673655312586,4.305820443289621
88,4.335935752136174,4.311203503835769
89,4.335693164367158,4.3099065730685275
90,4.342819135132027,4.303940802528745
91,4.337937212637262,4.315335360481625
92,4.343104627520275,4.314910917736235
93,4.336321790062585,4.309349184036255
94,4.335878738544959,4.310372548784528
95,4.3292149664971795,4.312774917057582
96,4.332611119706021,4.308085436139788
97,4.332058732600123,4.316643152236939
98,4.332575366906463,4.315526663462321
99,4.334651546394287,4.315008486793155
100,4.339108916105266,4.315463851747059
